timestamp,open,high,low,close,volume
2026-01-05 14:00:00,92696.09,93628.09,92349.41,93394.19,290931683.84
2026-01-05 15:00:00,93394.19,93994.3,93132.38,93942.19,338697356.27
2026-01-05 16:00:00,93942.19,94075.11,93576.7,93691.72,239709963.11
2026-01-05 17:00:00,93691.72,94464.63,93242.04,94312.45,229081230.76
2026-01-05 18:00:00,94312.45,94506.48,93903.6,94443.61,191400623.46
2026-01-05 19:00:00,94443.61,94495.66,94123.61,94291.16,161261797.13
2026-01-05 20:00:00,94291.16,94804.38,94037.54,94183.1,206521437.65
2026-01-05 21:00:00,94183.1,94228.95,93808.27,94092.52,95081806.73
2026-01-05 22:00:00,94092.52,94400.57,94012.03,94172.25,72974997.22
2026-01-05 23:00:00,94172.25,94185.31,93866.32,93871.45,55340849.89
2026-01-06 00:00:00,93871.45,93988.6,93551.1,93810.8,74552587.18
2026-01-06 01:00:00,93810.8,94163.74,93733.52,93771.48,67353249.01
2026-01-06 02:00:00,93771.48,93869.53,93520.13,93616.83,69506766.93
2026-01-06 03:00:00,93616.83,93932.25,93598.93,93760.02,40333291.23
2026-01-06 04:00:00,93760.02,93989.96,93727.75,93794.02,33607656.6
2026-01-06 05:00:00,93794.02,93811.14,93558.17,93580.53,36042786.84
2026-01-06 06:00:00,93580.53,93932.21,93531.65,93755.88,42633731.56
2026-01-06 07:00:00,93755.88,93763.02,93115.13,93215.92,70134099.33
2026-01-06 08:00:00,93215.92,93384.27,93140.34,93198.63,57811660.13
2026-01-06 09:00:00,93198.63,93535.68,93191.42,93431.38,52460546.74
2026-01-06 10:00:00,93431.38,93629.97,93376.98,93548.36,37709592.53
2026-01-06 11:00:00,93548.36,93878.33,93543.52,93821.89,36714654.82
2026-01-06 12:00:00,93821.89,93962.8,93759.54,93837.5,69714784.86
2026-01-06 13:00:00,93837.5,93841.89,93613.62,93691.49,55432426.75
2026-01-06 14:00:00,93691.49,94428.7,93494.16,93806.05,282596917.96
2026-01-06 15:00:00,93806.05,94283.64,93309.18,93611.76,213345412.84
2026-01-06 16:00:00,93611.76,93741.04,92271.43,92643.08,301434102.53
2026-01-06 17:00:00,92643.08,92716.8,91491.38,91528.45,318360531.44
2026-01-06 18:00:00,91528.45,92169.17,91210.45,91984.48,228245509.02
2026-01-06 19:00:00,91984.48,92282.01,91842.97,92055.31,87726674.03
2026-01-06 20:00:00,92055.31,92646.66,92042.23,92453.04,146650633.08
2026-01-06 21:00:00,92453.04,93796.75,92327.83,93220.99,243397705.38
2026-01-06 22:00:00,93220.99,93820.39,92922.22,93321.89,87023945.82
2026-01-06 23:00:00,93321.89,93752.84,93305.08,93720.48,74769110.57
2026-01-07 00:00:00,93720.48,93720.65,92608.41,92661.08,101843135.88
2026-01-07 01:00:00,92661.08,92837.98,92278.57,92384.76,113025502.1
2026-01-07 02:00:00,92384.76,93003.55,92188.04,92900.5,84591320.76
2026-01-07 03:00:00,92900.5,93054.04,92693.79,92756.24,54783367.11
2026-01-07 04:00:00,92756.24,92868.34,92542.14,92615.74,45091332.49
2026-01-07 05:00:00,92615.74,92801.58,92448.5,92478.75,48252480.0
2026-01-07 06:00:00,92478.75,92838.11,92467.98,92556.44,33569922.36
2026-01-07 07:00:00,92556.44,92828.53,92556.42,92817.24,22144774.32
2026-01-07 08:00:00,92817.24,92907.78,92621.31,92650.47,48291406.03
2026-01-07 09:00:00,92650.47,92650.86,91534.93,91644.1,117604802.77
2026-01-07 10:00:00,91644.1,91934.09,91532.74,91910.09,57535922.14
2026-01-07 11:00:00,91910.09,92187.97,91867.76,92030.08,39713963.44
2026-01-07 12:00:00,92030.08,92110.16,91902.61,91929.37,45398155.11
2026-01-07 13:00:00,91929.37,92218.62,91795.88,91980.05,58978606.85
2026-01-07 14:00:00,91980.05,92081.35,91307.71,91908.02,236387438.26
2026-01-07 15:00:00,91908.02,91939.79,90952.99,91276.07,338628890.37
2026-01-07 16:00:00,91276.07,91727.52,91088.24,91195.47,204427232.27
2026-01-07 17:00:00,91195.47,91630.7,90957.35,91180.45,185428314.28
2026-01-07 18:00:00,91180.45,91367.73,90660.82,90816.29,150986153.85
2026-01-07 19:00:00,90816.29,91181.28,90582.32,91081.21,162700264.94
2026-01-07 20:00:00,91081.21,91197.72,90667.84,90945.63,130484488.49
2026-01-07 21:00:00,90945.63,91143.08,90940.08,91007.57,47398745.73
2026-01-07 22:00:00,91007.57,91280.12,90363.64,91096.78,53492177.05
2026-01-07 23:00:00,91096.78,91399.77,90930.46,91287.12,72376759.34
2026-01-08 00:00:00,91287.12,91436.04,90996.53,91307.44,57225426.9
2026-01-08 01:00:00,91307.44,91578.27,91215.31,91334.42,67833310.16
2026-01-08 02:00:00,91334.42,91378.96,90666.15,90861.38,97933112.85
2026-01-08 03:00:00,90861.38,91026.09,90521.51,90713.92,63573914.37
2026-01-08 04:00:00,90713.92,91057.08,90604.12,90929.62,54892446.02
2026-01-08 05:00:00,90929.62,91083.36,90682.04,90719.47,38422983.02
2026-01-08 06:00:00,90719.47,90762.86,89780.67,89783.43,140552847.23
2026-01-08 07:00:00,89783.43,90463.15,89534.66,90425.06,93235065.89
2026-01-08 08:00:00,90425.06,90666.96,90050.2,90115.2,65779559.39
2026-01-08 09:00:00,90115.2,90267.64,89854.95,89904.09,63542046.39
2026-01-08 10:00:00,89904.09,90383.32,89672.73,90303.69,85027515.38
2026-01-08 11:00:00,90303.69,90381.1,89912.56,90109.32,85823529.54
2026-01-08 12:00:00,90109.32,90120.57,89667.96,89873.25,101536389.21
2026-01-08 13:00:00,89873.25,89997.02,89760.37,89847.14,63187690.89
2026-01-08 14:00:00,89847.14,90066.81,89212.31,89919.51,276516497.65
2026-01-08 15:00:00,89919.51,90755.79,89713.65,90702.97,251874258.21
2026-01-08 16:00:00,90702.97,90861.75,90226.53,90857.16,191524814.0
2026-01-08 17:00:00,90857.16,91377.49,90762.25,91308.78,221383647.07
2026-01-08 18:00:00,91308.78,91401.53,90884.47,91052.44,154348441.29
2026-01-08 19:00:00,91052.44,91265.24,90736.31,90864.72,84995080.94
2026-01-08 20:00:00,90864.72,90922.1,90493.89,90847.95,143597776.98
2026-01-08 21:00:00,90847.95,91263.78,90844.25,91208.45,143131387.11
2026-01-08 22:00:00,91208.45,91415.2,90971.16,91164.86,66753686.97
2026-01-08 23:00:00,91164.86,91270.62,90982.17,91032.92,56906426.48
2026-01-09 00:00:00,91032.92,91232.4,90988.02,91215.3,51977014.29
2026-01-09 01:00:00,91215.3,91564.16,90765.82,90970.63,114367086.96
2026-01-09 02:00:00,90970.63,91398.37,90937.37,90957.6,65010648.16
2026-01-09 03:00:00,90957.6,91182.17,90875.09,91131.01,51791491.91
2026-01-09 04:00:00,91131.01,91147.3,90845.55,90929.95,31103033.71
2026-01-09 05:00:00,90929.95,91031.49,90816.45,90987.31,39659177.05
2026-01-09 06:00:00,90987.31,91048.23,90877.47,91026.35,55635951.42
2026-01-09 07:00:00,91026.35,91026.63,90641.97,90650.58,80591189.8
2026-01-09 08:00:00,90650.58,90744.97,89596.59,89917.97,164267024.59
2026-01-09 09:00:00,89917.97,90371.4,89909.05,90237.89,75239222.11
2026-01-09 10:00:00,90237.89,90458.72,90174.63,90393.0,39320130.7
2026-01-09 11:00:00,90393.0,90589.99,90316.87,90356.77,27496247.15
2026-01-09 12:00:00,90356.77,90510.7,90145.49,90356.07,52474230.92
2026-01-09 13:00:00,90356.07,90812.89,90317.95,90511.02,130101526.28
2026-01-09 14:00:00,90511.02,90591.82,89852.88,90063.53,221254443.19
2026-01-09 15:00:00,90063.53,91948.91,89752.97,91094.28,383730487.67
2026-01-09 16:00:00,91094.28,91713.75,91088.51,91550.39,218221730.69
2026-01-09 17:00:00,91550.39,91600.53,90923.68,91344.31,207745498.97
2026-01-09 18:00:00,91344.31,91429.98,90254.66,90732.73,190679066.19
2026-01-09 19:00:00,90732.73,90732.95,90079.88,90230.84,162584019.45
2026-01-09 20:00:00,90230.84,90486.81,90126.71,90203.87,140394988.85
2026-01-09 21:00:00,90203.87,90541.81,90015.23,90420.12,73842404.69
2026-01-09 22:00:00,90420.12,90596.57,90240.17,90510.74,34322959.93
2026-01-09 23:00:00,90510.74,90606.89,90484.5,90524.71,27778459.17
2026-01-10 00:00:00,90524.71,90567.0,90399.65,90474.29,30497111.28
2026-01-10 01:00:00,90474.29,90616.07,90464.1,90568.02,22602698.86
2026-01-10 02:00:00,90568.02,90661.87,90487.2,90570.15,30253478.01
2026-01-10 03:00:00,90570.15,90571.78,90434.09,90515.58,11761038.72
2026-01-10 04:00:00,90515.58,90531.66,90295.26,90339.76,19970861.79
2026-01-10 05:00:00,90339.76,90496.34,90314.01,90483.45,12497551.97
2026-01-10 06:00:00,90483.45,90491.81,90359.62,90388.31,13891634.55
2026-01-10 07:00:00,90388.31,90566.94,90387.9,90554.77,14985968.87
2026-01-10 08:00:00,90554.77,90627.69,90500.73,90544.54,21002074.07
2026-01-10 09:00:00,90544.54,90646.03,90508.09,90645.76,20014069.15
2026-01-10 10:00:00,90645.76,90713.65,90608.87,90710.95,32461694.33
2026-01-10 11:00:00,90710.95,90711.16,90594.16,90622.12,11617277.36
2026-01-10 12:00:00,90622.12,90678.99,90551.73,90624.06,17887771.78
2026-01-10 13:00:00,90624.06,90651.47,90529.03,90546.33,13814743.9
2026-01-10 14:00:00,90546.33,90554.84,90429.07,90482.87,19027767.79
2026-01-10 15:00:00,90482.87,90555.93,90468.15,90549.85,12068537.0
2026-01-10 16:00:00,90549.85,90615.57,90495.89,90566.94,16909143.53
2026-01-10 17:00:00,90566.94,90632.51,90429.22,90436.71,17372131.02
2026-01-10 18:00:00,90436.71,90488.85,90402.08,90474.51,17911730.05
2026-01-10 19:00:00,90474.51,90518.03,90466.75,90515.84,7083380.9
2026-01-10 20:00:00,90515.84,90546.86,90452.19,90457.6,10723849.99
2026-01-10 21:00:00,90457.6,90459.12,90386.0,90394.86,14852136.13
2026-01-10 22:00:00,90394.86,90479.65,90279.2,90314.13,26553989.15
2026-01-10 23:00:00,90314.13,90454.63,90312.01,90391.76,18118671.23
2026-01-11 00:00:00,90391.76,90531.72,90335.68,90516.17,19464326.76
2026-01-11 01:00:00,90516.17,90558.53,90442.56,90519.83,12205888.22
2026-01-11 02:00:00,90519.83,90620.74,90507.43,90583.81,16788158.19
2026-01-11 03:00:00,90583.81,90626.77,90524.0,90623.52,13901631.27
2026-01-11 04:00:00,90623.52,90679.03,90556.99,90679.03,10626046.54
2026-01-11 05:00:00,90679.03,90742.64,90625.95,90661.61,20427794.16
2026-01-11 06:00:00,90661.61,90690.62,90474.91,90627.65,14481155.03
2026-01-11 07:00:00,90627.65,90640.67,90559.38,90593.53,7537439.51
2026-01-11 08:00:00,90593.53,90694.81,90496.06,90672.65,22448122.5
2026-01-11 09:00:00,90672.65,90693.16,90557.87,90618.57,15506791.1
2026-01-11 10:00:00,90618.57,90624.65,90568.45,90617.68,9348696.26
2026-01-11 11:00:00,90617.68,90633.25,90581.45,90630.72,6417210.8
2026-01-11 12:00:00,90630.72,90884.81,90601.81,90814.74,37702062.02
2026-01-11 13:00:00,90814.74,90850.95,90707.25,90747.06,25186867.13
2026-01-11 14:00:00,90747.06,91073.94,90746.68,91011.83,46801711.43
2026-01-11 15:00:00,91011.83,91039.95,90590.92,90760.27,53193281.85
2026-01-11 16:00:00,90760.27,91164.56,90760.21,90917.83,49853752.98
2026-01-11 17:00:00,90917.83,91021.14,90784.94,90862.51,28714737.83
2026-01-11 18:00:00,90862.51,90864.92,90672.07,90761.22,24630433.23
2026-01-11 19:00:00,90761.22,90806.89,90552.87,90573.49,23077437.49
2026-01-11 20:00:00,90573.49,90610.61,90301.26,90580.87,63271012.21
2026-01-11 21:00:00,90580.87,90711.81,90473.35,90633.71,31542134.75
2026-01-11 22:00:00,90633.71,90633.9,90331.15,90411.66,34951986.45
2026-01-11 23:00:00,90411.66,90923.85,90122.7,90885.04,104268078.46
2026-01-12 00:00:00,90885.04,91132.12,90576.37,91130.82,127212148.72
2026-01-12 01:00:00,91130.82,91677.34,90970.99,91292.06,188966220.53
2026-01-12 02:00:00,91292.06,92270.69,91249.6,92099.54,173384342.36
2026-01-12 03:00:00,92099.54,92416.57,91686.41,91693.89,123378632.95
2026-01-12 04:00:00,91693.89,92167.93,91630.36,92056.45,61255561.69
2026-01-12 05:00:00,92056.45,92147.86,91932.96,91992.82,41409993.64
2026-01-12 06:00:00,91992.82,92081.38,91688.78,91707.43,54846742.64
2026-01-12 07:00:00,91707.43,91839.96,91272.41,91294.48,59390194.43
2026-01-12 08:00:00,91294.48,91511.69,90273.14,90640.07,182012266.49
2026-01-12 09:00:00,90640.07,90826.53,90536.15,90577.16,79219525.32
2026-01-12 10:00:00,90577.16,90675.4,90249.96,90319.33,66968409.74
2026-01-12 11:00:00,90319.33,90698.65,90308.59,90512.17,47753300.44
2026-01-12 12:00:00,90512.17,90760.04,90500.98,90678.72,46936979.63
2026-01-12 13:00:00,90678.72,90727.12,90435.91,90523.58,66788672.97
2026-01-12 14:00:00,90523.58,91025.69,90020.58,90804.6,230075730.47
2026-01-12 15:00:00,90804.6,91598.31,90614.93,91588.55,270020697.05
2026-01-12 16:00:00,91588.55,92262.34,91516.95,92068.44,297478482.58
2026-01-12 17:00:00,92068.44,92260.08,90963.56,91439.03,236903404.96
2026-01-12 18:00:00,91439.03,91880.09,91337.49,91628.45,139378695.06
2026-01-12 19:00:00,91628.45,91815.71,91363.82,91795.94,100384795.57
2026-01-12 20:00:00,91795.94,91986.2,91341.28,91418.48,94151063.64
2026-01-12 21:00:00,91418.48,91440.78,90868.33,90980.42,117559527.65
2026-01-12 22:00:00,90980.42,91363.67,90980.42,91156.43,52216829.42
2026-01-12 23:00:00,91156.43,91228.96,90980.08,91199.65,40638911.57
2026-01-13 00:00:00,91199.65,91455.92,91161.57,91382.05,73496527.45
2026-01-13 01:00:00,91382.05,91450.59,90944.45,91091.78,57470056.96
2026-01-13 02:00:00,91091.78,91282.96,91021.3,91029.38,43164528.69
2026-01-13 03:00:00,91029.38,91367.93,91015.41,91316.29,40384469.38
2026-01-13 04:00:00,91316.29,91555.19,91254.78,91419.88,43193476.33
2026-01-13 05:00:00,91419.88,92162.05,91385.51,91829.57,113073304.55
2026-01-13 06:00:00,91829.57,92180.58,91709.19,92095.75,81001461.25
2026-01-13 07:00:00,92095.75,92118.15,91814.09,91849.99,38791028.12
2026-01-13 08:00:00,91849.99,92172.15,91835.67,92081.81,47753886.14
2026-01-13 09:00:00,92081.81,92593.23,91871.95,92190.38,162670936.3
2026-01-13 10:00:00,92190.38,92263.6,91936.4,92047.8,51457434.64
2026-01-13 11:00:00,92047.8,92172.15,91873.97,91908.24,42894854.83
2026-01-13 12:00:00,91908.24,92060.08,91820.09,92019.05,43309146.68
2026-01-13 13:00:00,92019.05,92525.37,91894.58,91982.65,199920181.46
2026-01-13 14:00:00,91982.65,92846.34,91696.82,92399.34,366879511.25
2026-01-13 15:00:00,92399.34,93422.37,92047.73,93420.8,407504298.59
2026-01-13 16:00:00,93420.8,93742.24,93044.85,93374.77,437900208.72
2026-01-13 17:00:00,93374.77,93478.71,93072.76,93201.95,199540550.7
2026-01-13 18:00:00,93201.95,93848.02,93153.05,93605.07,242953627.32
2026-01-13 19:00:00,93605.07,94233.75,93448.58,94218.74,277335288.88
2026-01-13 20:00:00,94218.74,94500.06,94132.18,94416.76,388934866.18
2026-01-13 21:00:00,94416.76,94509.11,94019.32,94087.11,235685000.19
2026-01-13 22:00:00,94087.11,96126.37,94084.88,95715.33,505332462.64
2026-01-13 23:00:00,95715.33,96082.38,95042.98,95374.03,200359717.27
2026-01-14 00:00:00,95374.03,95625.46,95138.74,95207.33,149879971.17
2026-01-14 01:00:00,95207.33,95539.48,95094.46,95205.85,142361693.06
2026-01-14 02:00:00,95205.85,95523.57,95163.05,95309.01,126870495.82
2026-01-14 03:00:00,95309.01,95679.33,95238.36,95673.61,85407426.31
2026-01-14 04:00:00,95673.61,95754.29,95186.02,95201.76,76900335.83
2026-01-14 05:00:00,95201.76,95244.96,94940.42,94991.6,129450426.19
2026-01-14 06:00:00,94991.6,95005.05,94530.69,94998.43,127729823.09
2026-01-14 07:00:00,94998.43,95214.23,94835.2,95186.4,112218383.02
2026-01-14 08:00:00,95186.4,95293.91,94873.34,94875.13,70684247.86
2026-01-14 09:00:00,94875.13,95168.02,94857.86,95065.73,71893749.79
2026-01-14 10:00:00,95065.73,95269.6,94868.03,95065.25,112403221.02
2026-01-14 11:00:00,95065.25,95072.05,94700.68,94755.19,71679624.28
2026-01-14 12:00:00,94755.19,95121.45,94649.4,95039.45,80054460.13
2026-01-14 13:00:00,95039.45,95205.25,94859.52,94965.29,106414079.88
2026-01-14 14:00:00,94965.29,96810.93,94950.98,96494.45,514899991.16
2026-01-14 15:00:00,96494.45,97085.81,96184.08,96767.69,678908601.58
2026-01-14 16:00:00,96767.69,97715.67,96746.8,97317.98,611152728.76
2026-01-14 17:00:00,97317.98,97825.1,96819.32,96976.34,419832393.51
2026-01-14 18:00:00,96976.34,97127.54,96249.48,96815.02,280609616.0
2026-01-14 19:00:00,96815.02,97651.1,96687.31,97266.0,200525995.96
2026-01-14 20:00:00,97266.0,97943.22,97204.57,97666.82,324051501.02
2026-01-14 21:00:00,97666.82,97728.07,97390.73,97569.43,162745536.69
2026-01-14 22:00:00,97569.43,97583.78,96803.37,96889.87,161870302.0
2026-01-14 23:00:00,96889.87,97378.85,96862.2,96945.09,77680824.22
2026-01-15 00:00:00,96945.09,96991.03,96485.2,96643.79,103248358.02
2026-01-15 01:00:00,96643.79,96968.34,96294.59,96433.28,103976170.07
2026-01-15 02:00:00,96433.28,96597.98,96088.36,96310.43,101064044.66
2026-01-15 03:00:00,96310.43,96371.11,95746.03,95950.82,113113806.56
2026-01-15 04:00:00,95950.82,96352.62,95920.73,96289.85,75907794.48
2026-01-15 05:00:00,96289.85,96481.79,96211.74,96408.31,75921879.06
2026-01-15 06:00:00,96408.31,96556.38,96152.34,96214.37,85309862.71
2026-01-15 07:00:00,96214.37,96737.77,96168.82,96615.86,57570560.78
2026-01-15 08:00:00,96615.86,96648.02,96284.38,96630.4,66584519.0
2026-01-15 09:00:00,96630.4,97178.67,96546.13,97032.51,93764665.49
2026-01-15 10:00:00,97032.51,97063.12,96728.7,96793.11,70481342.52
2026-01-15 11:00:00,96793.11,96908.45,96566.55,96569.61,58929111.62
2026-01-15 12:00:00,96569.61,96989.69,96502.92,96962.97,67078207.41
2026-01-15 13:00:00,96962.97,97007.48,96597.52,96831.64,112987372.95
2026-01-15 14:00:00,96831.64,97130.61,95559.28,96030.82,344877973.79
2026-01-15 15:00:00,96030.82,96747.15,95410.21,96721.29,398658127.16
2026-01-15 16:00:00,96721.29,96903.62,96238.11,96704.47,254703131.59
2026-01-15 17:00:00,96704.47,97042.84,96387.29,96593.61,165768200.39
2026-01-15 18:00:00,96593.61,96596.84,95722.06,95821.04,197880608.99
2026-01-15 19:00:00,95821.04,95899.08,95166.38,95476.63,215440050.88
2026-01-15 20:00:00,95476.63,95629.01,95102.98,95228.75,246075975.99
2026-01-15 21:00:00,95228.75,95598.82,95161.55,95560.46,90532149.57
2026-01-15 22:00:00,95560.46,95843.04,95472.6,95563.09,50864029.87
2026-01-15 23:00:00,95563.09,95701.15,95388.91,95583.86,45787989.4
2026-01-16 00:00:00,95583.86,95810.48,95552.8,95609.81,54285343.49
2026-01-16 01:00:00,95609.81,95835.5,95403.82,95646.17,53025050.63
2026-01-16 02:00:00,95646.17,95656.79,95365.63,95478.7,69905201.71
2026-01-16 03:00:00,95478.7,95560.86,95302.09,95322.55,29142164.74
2026-01-16 04:00:00,95322.55,95554.37,95123.12,95237.15,56630976.67
2026-01-16 05:00:00,95237.15,95660.24,95222.8,95635.87,68165763.74
2026-01-16 06:00:00,95635.87,95800.19,95505.59,95716.24,57660823.13
2026-01-16 07:00:00,95716.24,95758.46,95456.52,95635.3,32726046.48
2026-01-16 08:00:00,95635.3,95827.46,95553.26,95648.43,43809807.58
2026-01-16 09:00:00,95648.43,95753.5,95568.8,95590.9,26524405.1
2026-01-16 10:00:00,95590.9,95610.31,95260.29,95278.57,56531230.69
2026-01-16 11:00:00,95278.57,95443.32,95226.26,95392.72,49610044.32
2026-01-16 12:00:00,95392.72,95548.62,95330.37,95427.25,44288823.95
2026-01-16 13:00:00,95427.25,95552.13,95267.08,95419.86,55598953.12
2026-01-16 14:00:00,95419.86,95787.7,95150.6,95157.65,176051173.78
2026-01-16 15:00:00,95157.65,95631.44,94246.25,94544.17,366369023.74
2026-01-16 16:00:00,94544.17,94966.6,94466.26,94840.89,156887078.4
2026-01-16 17:00:00,94840.89,95093.35,94532.64,95045.88,95668442.6
2026-01-16 18:00:00,95045.88,95187.73,94938.18,94965.84,101293185.43
2026-01-16 19:00:00,94965.84,95024.37,94792.62,94957.96,81119290.86
2026-01-16 20:00:00,94957.96,95549.05,94637.82,95540.45,218072545.88
2026-01-16 21:00:00,95540.45,95582.07,95323.24,95487.76,125620568.77
2026-01-16 22:00:00,95487.76,95542.75,95222.44,95483.26,53102118.02
2026-01-16 23:00:00,95483.26,95551.71,95403.81,95521.19,28189069.97
2026-01-17 00:00:00,95521.19,95550.97,95398.35,95433.51,26195311.0
2026-01-17 01:00:00,95433.51,95501.25,95349.56,95361.16,33088981.74
2026-01-17 02:00:00,95361.16,95389.59,95163.45,95332.11,27364922.5
2026-01-17 03:00:00,95332.11,95353.62,95237.09,95335.98,16018239.96
2026-01-17 04:00:00,95335.98,95338.01,95228.59,95274.7,14632741.66
2026-01-17 05:00:00,95274.7,95357.18,95256.6,95284.23,19339308.75
2026-01-17 06:00:00,95284.23,95307.48,95159.73,95199.24,13039115.26
2026-01-17 07:00:00,95199.24,95199.31,95020.08,95070.99,18615347.89
2026-01-17 08:00:00,95070.99,95230.0,95004.98,95221.0,17005446.42
2026-01-17 09:00:00,95221.0,95262.53,95145.53,95228.98,11234312.75
2026-01-17 10:00:00,95228.98,95242.15,95076.81,95077.66,12439994.46
2026-01-17 11:00:00,95077.66,95290.29,95041.79,95286.3,13560859.78
2026-01-17 12:00:00,95286.3,95362.44,95204.2,95226.38,14836067.48
2026-01-17 13:00:00,95226.38,95412.98,95166.01,95407.42,23527390.83
2026-01-17 14:00:00,95407.42,95510.46,95323.55,95439.55,34781423.11
2026-01-17 15:00:00,95439.55,95607.52,95401.18,95546.93,45916777.58
2026-01-17 16:00:00,95546.93,95549.62,95188.2,95276.95,49628083.24
2026-01-17 17:00:00,95276.95,95419.38,95259.73,95338.61,22610957.33
2026-01-17 18:00:00,95338.61,95439.91,95316.98,95397.17,17528048.9
2026-01-17 19:00:00,95397.17,95397.6,95253.6,95266.63,15170705.13
2026-01-17 20:00:00,95266.63,95359.32,95254.41,95353.45,17875688.07
2026-01-17 21:00:00,95353.45,95384.9,95251.44,95280.71,15855997.04
2026-01-17 22:00:00,95280.71,95281.16,95005.31,95135.29,32782203.8
2026-01-17 23:00:00,95135.29,95185.58,95086.39,95117.69,25316484.15
2026-01-18 00:00:00,95117.69,95205.99,95035.49,95079.25,25241574.06
2026-01-18 01:00:00,95079.25,95079.59,94835.48,94935.54,41328802.14
2026-01-18 02:00:00,94935.54,95034.67,94847.52,94996.35,23767139.45
2026-01-18 03:00:00,94996.35,95175.95,94988.55,95163.82,19385737.26
2026-01-18 04:00:00,95163.82,95164.0,95047.15,95069.1,13189194.66
2026-01-18 05:00:00,95069.1,95226.96,95028.41,95155.13,18077974.97
2026-01-18 06:00:00,95155.13,95178.86,95108.43,95143.5,10152921.56
2026-01-18 07:00:00,95143.5,95153.04,94995.64,95005.54,14784650.41
2026-01-18 08:00:00,95005.54,95163.46,94991.33,95144.97,11528576.14
2026-01-18 09:00:00,95144.97,95249.89,95121.29,95234.02,15952337.99
2026-01-18 10:00:00,95234.02,95261.98,95053.97,95142.18,16584501.46
2026-01-18 11:00:00,95142.18,95148.75,95044.06,95134.37,10200364.31
2026-01-18 12:00:00,95134.37,95148.28,95045.47,95074.04,10508140.06
2026-01-18 13:00:00,95074.04,95169.68,94874.7,95121.05,34731733.61
2026-01-18 14:00:00,95121.05,95327.2,94903.25,94926.44,43365376.66
2026-01-18 15:00:00,94926.44,95096.1,94889.17,95087.43,26364836.26
2026-01-18 16:00:00,95087.43,95160.06,95046.42,95136.12,20881948.19
2026-01-18 17:00:00,95136.12,95246.36,95115.53,95233.83,23391218.93
2026-01-18 18:00:00,95233.83,95488.57,95137.6,95419.67,52872767.06
2026-01-18 19:00:00,95419.67,95489.25,95303.03,95350.49,30998848.37
2026-01-18 20:00:00,95350.49,95414.59,95264.47,95278.38,19449888.4
2026-01-18 21:00:00,95278.38,95401.6,95256.18,95393.86,17039449.27
2026-01-18 22:00:00,95393.86,95496.67,95373.04,95459.58,24826620.96
2026-01-18 23:00:00,95459.58,95464.28,93583.3,93642.09,286198223.93
2026-01-19 00:00:00,93642.09,93642.84,92119.72,92684.02,474749112.58
2026-01-19 01:00:00,92684.02,92837.92,92199.44,92545.19,148234261.62
2026-01-19 02:00:00,92545.19,92639.18,92346.48,92532.07,69210548.71
2026-01-19 03:00:00,92532.07,92751.77,92462.82,92663.13,49845757.85
2026-01-19 04:00:00,92663.13,92711.7,92463.3,92631.82,46666004.31
2026-01-19 05:00:00,92631.82,92777.77,92472.33,92490.71,52488300.9
2026-01-19 06:00:00,92490.71,92601.3,92355.52,92551.34,68938252.06
2026-01-19 07:00:00,92551.34,92813.3,92525.08,92794.56,37381725.15
2026-01-19 08:00:00,92794.56,93329.97,92655.5,93218.59,92657616.12
2026-01-19 09:00:00,93218.59,93225.45,92904.84,93007.19,64223169.44
2026-01-19 10:00:00,93007.19,93038.59,92850.43,93022.13,31796471.41
2026-01-19 11:00:00,93022.13,93269.3,92929.75,93148.74,31465607.45
2026-01-19 12:00:00,93148.74,93181.66,92959.9,93024.49,44217952.86
2026-01-19 13:00:00,93024.49,93108.72,92754.02,92984.9,52531303.61
2026-01-19 14:00:00,92984.9,92992.7,92660.99,92769.0,72244786.83
2026-01-19 15:00:00,92769.0,93046.61,92769.0,93021.39,72728169.21
2026-01-19 16:00:00,93021.39,93371.44,92955.34,93265.23,63246718.39
2026-01-19 17:00:00,93265.23,93351.87,93114.18,93193.37,52244002.35
2026-01-19 18:00:00,93193.37,93219.68,92889.17,93014.97,43798000.19
2026-01-19 19:00:00,93014.97,93106.9,92946.6,93060.43,37831022.69
2026-01-19 20:00:00,93060.43,93224.32,93050.99,93098.88,36638189.41
2026-01-19 21:00:00,93098.88,93298.23,92956.15,92956.25,48929070.47
2026-01-19 22:00:00,92956.25,93005.85,92508.95,92511.3,78772746.07
2026-01-19 23:00:00,92511.3,92690.33,92102.43,92569.44,135910508.55
2026-01-20 00:00:00,92569.44,92810.94,92305.75,92656.09,72535602.31
2026-01-20 01:00:00,92656.09,92813.52,92469.64,92659.88,60584866.65
2026-01-20 02:00:00,92659.88,92671.66,92302.51,92492.28,73512548.55
2026-01-20 03:00:00,92492.28,92595.93,92198.91,92378.42,54205483.85
2026-01-20 04:00:00,92378.42,92413.4,91926.84,92007.28,66993138.07
2026-01-20 05:00:00,92007.28,92015.52,91233.29,91564.84,154706252.76
2026-01-20 06:00:00,91564.84,91568.27,90698.47,90848.33,178850124.82
2026-01-20 07:00:00,90848.33,91215.01,90781.51,91095.95,70875214.76
2026-01-20 08:00:00,91095.95,91169.19,90600.67,91021.17,111031029.03
2026-01-20 09:00:00,91021.17,91021.42,90817.42,90950.78,62156836.77
2026-01-20 10:00:00,90950.78,91216.67,90915.23,91187.75,45444414.79
2026-01-20 11:00:00,91187.75,91379.65,91140.6,91148.04,41806614.31
2026-01-20 12:00:00,91148.04,91238.66,90983.02,91210.29,66173665.83
2026-01-20 13:00:00,91210.29,91223.21,90702.6,90882.16,126336048.42
2026-01-20 14:00:00,90882.16,91301.49,90195.69,90450.42,304078347.11
2026-01-20 15:00:00,90450.42,90720.81,89780.35,90603.33,294190739.62
2026-01-20 16:00:00,90603.33,90906.22,89944.53,90083.75,219591893.28
2026-01-20 17:00:00,90083.75,90423.66,89339.38,89680.38,276686613.4
2026-01-20 18:00:00,89680.38,89859.35,89284.62,89389.91,204484636.02
2026-01-20 19:00:00,89389.91,89685.18,89185.3,89608.55,174038602.98
2026-01-20 20:00:00,89608.55,89730.36,89270.83,89605.88,289373808.45
2026-01-20 21:00:00,89605.88,89718.86,89312.45,89365.79,89280275.32
2026-01-20 22:00:00,89365.79,89530.6,87829.44,88392.99,215349610.29
2026-01-20 23:00:00,88392.99,88425.81,87793.26,88329.83,178541582.95
2026-01-21 00:00:00,88329.83,88879.0,88154.77,88830.58,118483692.56
2026-01-21 01:00:00,88830.58,89062.58,88749.27,88921.82,94519283.34
2026-01-21 02:00:00,88921.82,89257.36,88891.8,88956.48,77552815.5
2026-01-21 03:00:00,88956.48,89500.21,88944.41,89338.11,77254041.72
2026-01-21 04:00:00,89338.11,89532.09,89252.15,89349.24,54272367.97
2026-01-21 05:00:00,89349.24,90028.48,89340.46,89866.56,94937560.59
2026-01-21 06:00:00,89866.56,89866.89,89408.7,89563.25,57691810.53
2026-01-21 07:00:00,89563.25,89673.05,88978.44,89123.99,158790514.1
2026-01-21 08:00:00,89123.99,89283.1,88892.95,89099.05,72489781.98
2026-01-21 09:00:00,89099.05,89399.1,88977.5,89016.37,58426541.04
2026-01-21 10:00:00,89016.37,89299.6,88978.01,89157.58,65716891.48
2026-01-21 11:00:00,89157.58,89293.09,88618.05,88707.16,62288290.25
2026-01-21 12:00:00,88707.16,88768.15,88126.77,88662.32,174984515.11
2026-01-21 13:00:00,88662.32,88958.51,88489.56,88600.19,134512586.62
2026-01-21 14:00:00,88600.19,89919.24,88537.75,89726.35,494047494.15
2026-01-21 15:00:00,89726.35,90502.34,89679.83,90220.38,279609219.01
2026-01-21 16:00:00,90220.38,90299.18,87519.28,87531.65,423367225.3
2026-01-21 17:00:00,87531.65,88077.6,87190.29,87856.41,464436599.42
2026-01-21 18:00:00,87856.41,88582.17,87508.29,88403.74,289120422.5
2026-01-21 19:00:00,88403.74,90380.45,88207.93,90287.78,353156048.75
2026-01-21 20:00:00,90287.78,90305.39,89385.86,90134.34,321744629.71
2026-01-21 21:00:00,90134.34,90278.53,89905.0,90187.1,132894081.25
2026-01-21 22:00:00,90187.1,90332.54,89699.15,89705.4,59088761.21
2026-01-21 23:00:00,89705.4,90148.0,89289.71,89380.69,94263652.33
2026-01-22 00:00:00,89380.69,89961.03,89380.69,89839.76,73587383.81
2026-01-22 01:00:00,89839.76,90123.58,89756.54,90033.01,76162346.25
2026-01-22 02:00:00,90033.01,90290.41,89769.72,89866.81,76018033.85
2026-01-22 03:00:00,89866.81,90085.32,89626.75,89818.23,49696118.31
2026-01-22 04:00:00,89818.23,90001.14,89750.42,89928.19,47600157.55
2026-01-22 05:00:00,89928.19,90005.29,89845.91,89941.62,35327879.69
2026-01-22 06:00:00,89941.62,90134.64,89822.69,90091.28,36803840.2
2026-01-22 07:00:00,90091.28,90122.89,89716.5,89742.32,36775744.09
2026-01-22 08:00:00,89742.32,89888.81,89685.15,89840.31,35456643.45
2026-01-22 09:00:00,89840.31,90054.74,89810.39,89963.73,43652825.39
2026-01-22 10:00:00,89963.73,90032.97,89880.06,90006.08,40682561.12
2026-01-22 11:00:00,90006.08,90074.91,89815.97,89861.59,41382471.21
2026-01-22 12:00:00,89861.59,90015.29,89793.13,89939.91,44651658.79
2026-01-22 13:00:00,89939.91,90260.39,89408.91,89533.2,105331875.32
2026-01-22 14:00:00,89533.2,89651.36,88974.94,89023.02,228370857.5
2026-01-22 15:00:00,89023.02,89369.22,88441.13,88925.41,282801398.98
2026-01-22 16:00:00,88925.41,89195.4,88598.63,88973.28,201812617.25
2026-01-22 17:00:00,88973.28,89539.6,88946.21,89479.49,157783133.22
2026-01-22 18:00:00,89479.49,89722.49,89226.4,89258.56,130279501.81
2026-01-22 19:00:00,89258.56,89853.67,89032.16,89699.57,131056109.78
2026-01-22 20:00:00,89699.57,89878.61,89312.1,89329.06,103909217.87
2026-01-22 21:00:00,89329.06,89588.09,89160.13,89188.09,76362688.96
2026-01-22 22:00:00,89188.09,89490.52,89079.75,89273.46,47642778.92
2026-01-22 23:00:00,89273.46,89512.96,89096.54,89484.18,40751895.89
2026-01-23 00:00:00,89484.18,89568.72,89374.12,89451.53,34679277.78
2026-01-23 01:00:00,89451.53,89866.52,89451.51,89859.0,42102007.35
2026-01-23 02:00:00,89859.0,89900.74,89565.21,89573.33,44392983.88
2026-01-23 03:00:00,89573.33,89851.95,89556.28,89847.51,32980017.79
2026-01-23 04:00:00,89847.51,89998.35,89796.73,89883.63,43934307.67
2026-01-23 05:00:00,89883.63,89885.8,89391.53,89519.36,62342495.48
2026-01-23 06:00:00,89519.36,89704.86,89309.77,89411.86,49361156.98
2026-01-23 07:00:00,89411.86,89585.22,89354.17,89446.74,35012449.17
2026-01-23 08:00:00,89446.74,89522.75,89035.61,89117.85,71724168.62
2026-01-23 09:00:00,89117.85,89284.61,88798.98,88875.25,75370502.54
2026-01-23 10:00:00,88875.25,89067.23,88766.15,88951.63,48987803.51
2026-01-23 11:00:00,88951.63,89251.54,88904.57,89110.55,28571696.82
2026-01-23 12:00:00,89110.55,89272.14,88997.27,89163.37,28969126.04
2026-01-23 13:00:00,89163.37,89348.44,89133.8,89254.33,53915063.96
2026-01-23 14:00:00,89254.33,89625.9,88557.09,88913.46,214141505.45
2026-01-23 15:00:00,88913.46,89767.84,88466.06,89654.24,228801828.67
2026-01-23 16:00:00,89654.24,90401.85,89390.31,90036.26,234581706.11
2026-01-23 17:00:00,90036.26,91140.22,89883.92,90514.32,253390519.88
2026-01-23 18:00:00,90514.32,90950.1,90380.31,90436.97,171398863.75
2026-01-23 19:00:00,90436.97,90449.17,89521.7,89889.23,181274618.19
2026-01-23 20:00:00,89889.23,90068.23,89121.05,89418.56,185237609.79
2026-01-23 21:00:00,89418.56,89606.09,89230.7,89257.63,58260070.58
2026-01-23 22:00:00,89257.63,89661.87,89244.4,89537.11,47938304.0
2026-01-23 23:00:00,89537.11,89537.26,89379.79,89506.66,26712082.24
2026-01-24 00:00:00,89506.66,89534.47,89320.87,89354.49,26462368.18
2026-01-24 01:00:00,89354.49,89486.37,89350.27,89444.54,18549931.46
2026-01-24 02:00:00,89444.54,89599.99,89444.5,89588.05,18679086.41
2026-01-24 03:00:00,89588.05,89821.98,89563.72,89662.01,31988799.15
2026-01-24 04:00:00,89662.01,89741.11,89607.58,89734.89,17313355.44
2026-01-24 05:00:00,89734.89,89747.35,89649.38,89677.15,13907174.15
2026-01-24 06:00:00,89677.15,89681.66,89539.71,89542.15,18651566.5
2026-01-24 07:00:00,89542.15,89581.75,89458.37,89502.27,15056233.18
2026-01-24 08:00:00,89502.27,89570.89,89469.04,89548.12,18565343.46
2026-01-24 09:00:00,89548.12,89548.35,89470.72,89480.4,11553655.6
2026-01-24 10:00:00,89480.4,89534.58,89462.76,89505.87,11060150.66
2026-01-24 11:00:00,89505.87,89549.47,89473.66,89473.67,12233109.95
2026-01-24 12:00:00,89473.67,89476.87,89369.29,89410.67,15295909.59
2026-01-24 13:00:00,89410.67,89422.04,89254.7,89254.7,13602299.99
2026-01-24 14:00:00,89254.7,89394.18,89061.41,89337.42,41624028.56
2026-01-24 15:00:00,89337.42,89378.29,89140.62,89156.94,27257806.37
2026-01-24 16:00:00,89156.94,89239.51,89047.54,89164.25,34162104.72
2026-01-24 17:00:00,89164.25,89293.55,89133.55,89274.97,25068056.54
2026-01-24 18:00:00,89274.97,89341.1,89253.5,89269.87,21675333.07
2026-01-24 19:00:00,89269.87,89277.72,89153.49,89209.67,15808812.22
2026-01-24 20:00:00,89209.67,89288.62,89209.67,89267.19,10234370.29
2026-01-24 21:00:00,89267.19,89278.1,89156.96,89275.8,17066476.91
2026-01-24 22:00:00,89275.8,89378.27,89185.23,89317.67,14689596.21
2026-01-24 23:00:00,89317.67,89362.75,89099.3,89107.75,24153116.44
2026-01-25 00:00:00,89107.75,89196.3,89070.27,89195.81,17691958.72
2026-01-25 01:00:00,89195.81,89203.31,88978.74,89058.64,26807072.98
2026-01-25 02:00:00,89058.64,89143.54,89014.38,89022.38,15308302.89
2026-01-25 03:00:00,89022.38,89058.91,88729.48,88846.4,35301105.41
2026-01-25 04:00:00,88846.4,88977.39,88827.67,88903.58,18863894.02
2026-01-25 05:00:00,88903.58,88938.32,88761.96,88877.97,21900764.89
2026-01-25 06:00:00,88877.97,88878.42,88537.09,88730.93,41642847.33
2026-01-25 07:00:00,88730.93,88731.35,88529.41,88550.69,18285312.79
2026-01-25 08:00:00,88550.69,88650.75,87858.79,88187.71,102926103.7
2026-01-25 09:00:00,88187.71,88374.9,88128.42,88289.03,31713450.65
2026-01-25 10:00:00,88289.03,88557.5,88288.67,88541.67,27102146.13
2026-01-25 11:00:00,88541.67,88591.3,88425.07,88457.18,18519061.0
2026-01-25 12:00:00,88457.18,88684.45,88334.99,88684.44,39326904.45
2026-01-25 13:00:00,88684.44,88865.75,88547.47,88816.98,39110905.05
2026-01-25 14:00:00,88816.98,88835.06,88518.23,88606.29,43167920.17
2026-01-25 15:00:00,88606.29,88657.19,88281.47,88352.75,37646989.99
2026-01-25 16:00:00,88352.75,88354.54,87470.87,87984.23,199672880.22
2026-01-25 17:00:00,87984.23,88007.38,87661.98,87784.02,85956183.48
2026-01-25 18:00:00,87784.02,87880.48,86741.94,87318.47,191260270.5
2026-01-25 19:00:00,87318.47,87399.66,86125.21,86412.34,211437190.38
2026-01-25 20:00:00,86412.34,86634.95,86152.71,86578.57,131563961.75
2026-01-25 21:00:00,86578.57,86926.66,86328.33,86498.42,103081837.97
2026-01-25 22:00:00,86498.42,86601.1,86145.38,86442.88,104550387.71
2026-01-25 23:00:00,86442.88,86703.73,86008.64,86581.03,167441449.87
2026-01-26 00:00:00,86581.03,87083.46,86429.64,86762.27,123659121.69
2026-01-26 01:00:00,86762.27,87722.93,86725.81,87601.0,148944868.04
2026-01-26 02:00:00,87601.0,87865.1,87349.76,87450.74,86389924.23
2026-01-26 03:00:00,87450.74,87577.31,86978.48,87168.8,65555108.37
2026-01-26 04:00:00,87168.8,87842.19,87136.05,87641.72,112639001.39
2026-01-26 05:00:00,87641.72,87853.98,87574.11,87724.68,39248085.71
2026-01-26 06:00:00,87724.68,87930.94,87660.85,87854.03,54190918.09
2026-01-26 07:00:00,87854.03,87997.24,87622.04,87923.62,42669463.82
2026-01-26 08:00:00,87923.62,88295.44,87761.09,87901.02,66916412.12
2026-01-26 09:00:00,87901.02,87920.84,87516.82,87581.27,56841093.09
2026-01-26 10:00:00,87581.27,87873.62,87574.03,87819.16,31620222.24
2026-01-26 11:00:00,87819.16,87907.89,87690.23,87770.61,27867554.52
2026-01-26 12:00:00,87770.61,87890.78,87653.57,87712.28,46201384.27
2026-01-26 13:00:00,87712.28,87975.58,87615.87,87881.23,72812383.26
2026-01-26 14:00:00,87881.23,88433.77,87378.73,88114.36,261195347.82
2026-01-26 15:00:00,88114.36,88787.86,87257.71,87572.6,338581728.91
2026-01-26 16:00:00,87572.6,87884.93,87132.65,87543.38,191494416.17
2026-01-26 17:00:00,87543.38,87718.17,86965.9,87624.29,137412425.58
2026-01-26 18:00:00,87624.29,88345.28,87573.87,88338.59,142410860.84
2026-01-26 19:00:00,88338.59,88480.78,87873.7,87936.21,117741023.66
2026-01-26 20:00:00,87936.21,88048.88,87461.19,87545.49,101913737.49
2026-01-26 21:00:00,87545.49,88174.2,87500.57,87995.69,109218226.22
2026-01-26 22:00:00,87995.69,88208.47,87931.24,88072.77,49129020.54
2026-01-26 23:00:00,88072.77,88587.06,87953.78,88274.7,85193633.71
2026-01-27 00:00:00,88274.7,88386.74,88133.89,88286.31,56632931.15
2026-01-27 01:00:00,88286.31,88628.41,88130.55,88485.65,61035748.32
2026-01-27 02:00:00,88485.65,88777.84,88479.57,88736.39,53368487.49
2026-01-27 03:00:00,88736.39,88810.37,88495.75,88698.28,37322322.14
2026-01-27 04:00:00,88698.28,88915.09,88430.76,88493.29,64159755.66
2026-01-27 05:00:00,88493.29,88501.69,88310.01,88375.73,33909763.96
2026-01-27 06:00:00,88375.73,88438.15,88192.53,88241.34,29046894.05
2026-01-27 07:00:00,88241.34,88472.58,88228.41,88236.06,28241091.99
2026-01-27 08:00:00,88236.06,88307.39,88022.49,88068.54,38376122.97
2026-01-27 09:00:00,88068.54,88068.68,87761.41,87785.15,48344189.93
2026-01-27 10:00:00,87785.15,87947.86,87649.44,87682.38,37399344.02
2026-01-27 11:00:00,87682.38,87989.94,87641.38,87878.93,30807756.24
2026-01-27 12:00:00,87878.93,88053.34,87838.07,87876.22,42655662.05
2026-01-27 13:00:00,87876.22,87960.55,87687.74,87869.63,43359235.07
2026-01-27 14:00:00,87869.63,88351.76,87541.05,87619.84,181466105.69
2026-01-27 15:00:00,87619.84,88069.81,87450.73,87934.82,183633350.91
2026-01-27 16:00:00,87934.82,88732.8,87899.87,88547.95,206963998.02
2026-01-27 17:00:00,88547.95,88607.44,87212.27,87453.34,233861803.02
2026-01-27 18:00:00,87453.34,88406.06,87357.82,88184.14,167899457.23
2026-01-27 19:00:00,88184.14,88451.85,87954.44,88309.52,81014440.79
2026-01-27 20:00:00,88309.52,89396.13,88277.6,89311.37,236690687.19
2026-01-27 21:00:00,89311.37,89447.82,88908.23,88978.74,125829304.31
2026-01-27 22:00:00,88978.74,89330.69,88923.49,89146.84,63528312.34
2026-01-27 23:00:00,89146.84,89423.91,89043.64,89136.28,61641874.39
2026-01-28 00:00:00,89136.28,89362.92,89047.27,89360.08,46459535.76
2026-01-28 01:00:00,89360.08,89386.5,89086.38,89293.75,56494100.48
2026-01-28 02:00:00,89293.75,89340.03,88990.87,89169.39,46563063.93
2026-01-28 03:00:00,89169.39,89196.03,88877.94,89009.65,45170982.98
2026-01-28 04:00:00,89009.65,89052.38,88729.36,88875.37,43390558.02
2026-01-28 05:00:00,88875.37,88994.44,88741.34,88978.25,47233007.23
2026-01-28 06:00:00,88978.25,89291.2,88978.24,89216.42,49954220.62
2026-01-28 07:00:00,89216.42,89248.63,89006.54,89032.99,32194490.18
2026-01-28 08:00:00,89032.99,89150.97,88777.88,88819.83,56283150.59
2026-01-28 09:00:00,88819.83,89447.82,88754.45,89444.46,68129104.61
2026-01-28 10:00:00,89444.46,89595.03,89230.78,89306.43,79165306.92
2026-01-28 11:00:00,89306.43,90048.68,89215.25,89972.09,97373779.57
2026-01-28 12:00:00,89972.09,90069.34,89686.52,89900.37,108566062.64
2026-01-28 13:00:00,89900.37,90374.78,89868.07,90157.98,144579471.09
2026-01-28 14:00:00,90157.98,90158.58,89339.0,89506.88,184474489.1
2026-01-28 15:00:00,89506.88,89738.64,88784.2,89370.6,218187634.46
2026-01-28 16:00:00,89370.6,89724.2,89138.41,89523.7,140383211.47
2026-01-28 17:00:00,89523.7,90481.33,89172.81,90065.3,183513186.84
2026-01-28 18:00:00,90065.3,90067.42,89221.88,89433.76,174302944.99
2026-01-28 19:00:00,89433.76,89604.49,88905.19,89288.7,238177572.2
2026-01-28 20:00:00,89288.7,89779.79,88886.61,89015.05,196559616.11
2026-01-28 21:00:00,89015.05,89364.65,88748.89,89289.21,119326399.34
2026-01-28 22:00:00,89289.21,89361.17,89018.75,89262.65,37263336.74
2026-01-28 23:00:00,89262.65,89352.63,89085.18,89182.72,47608001.03
2026-01-29 00:00:00,89182.72,89229.19,88783.36,89027.78,76808519.61
2026-01-29 01:00:00,89027.78,89043.64,88422.21,88479.07,125128467.78
2026-01-29 02:00:00,88479.07,88630.97,87579.82,87776.13,173948789.06
2026-01-29 03:00:00,87776.13,88128.66,87653.67,87919.29,119316905.63
2026-01-29 04:00:00,87919.29,88223.07,87772.57,88188.43,57432857.6
2026-01-29 05:00:00,88188.43,88279.62,88022.01,88067.36,39114237.17
2026-01-29 06:00:00,88067.36,88218.89,88050.03,88199.91,31941366.03
2026-01-29 07:00:00,88199.91,88318.55,88125.93,88234.39,43621444.25
2026-01-29 08:00:00,88234.39,88368.07,87794.17,87937.93,110262480.78
2026-01-29 09:00:00,87937.93,88028.37,87758.95,87765.51,50938515.45
2026-01-29 10:00:00,87765.51,87869.68,87692.04,87821.91,56355803.93
2026-01-29 11:00:00,87821.91,87936.78,87619.83,87703.14,63473479.77
2026-01-29 12:00:00,87703.14,87988.88,87679.5,87982.45,61121812.19
2026-01-29 13:00:00,87982.45,88041.78,87819.28,87916.86,59861363.36
2026-01-29 14:00:00,87916.86,87945.68,86867.76,86877.09,225579377.83
2026-01-29 15:00:00,86877.09,86886.77,84242.69,84805.72,677214894.68
2026-01-29 16:00:00,84805.72,85275.45,84158.67,85153.98,385472106.02
2026-01-29 17:00:00,85153.98,85510.12,83902.82,84131.87,366881940.56
2026-01-29 18:00:00,84131.87,84504.7,83287.85,83343.6,382784191.9
2026-01-29 19:00:00,83343.6,84161.87,83243.73,83855.55,286660386.79
2026-01-29 20:00:00,83855.55,84239.62,83665.21,84068.37,233226960.95
2026-01-29 21:00:00,84068.37,84525.66,84053.18,84390.62,116136015.08
2026-01-29 22:00:00,84390.62,84487.76,84175.68,84438.22,50474165.78
2026-01-29 23:00:00,84438.22,84608.33,84309.9,84528.58,71593739.83
2026-01-30 00:00:00,84528.58,84612.31,84038.49,84064.79,86924712.64
2026-01-30 01:00:00,84064.79,84071.05,81201.42,82363.47,428876936.4
2026-01-30 02:00:00,82363.47,82431.0,81047.62,82044.06,322087248.86
2026-01-30 03:00:00,82044.06,82617.98,81930.9,82563.06,125576053.93
2026-01-30 04:00:00,82563.06,83215.24,82563.04,82817.57,111617674.77
2026-01-30 05:00:00,82817.57,83215.42,82784.87,82795.39,87677656.01
2026-01-30 06:00:00,82795.39,82812.78,81948.83,82490.41,179909174.38
2026-01-30 07:00:00,82490.41,82978.6,82348.68,82684.5,153029086.8
2026-01-30 08:00:00,82684.5,82840.87,82309.38,82542.74,105612057.76
2026-01-30 09:00:00,82542.74,82707.92,82039.65,82241.22,118654631.2
2026-01-30 10:00:00,82241.22,82769.68,82053.21,82709.8,88315411.87
2026-01-30 11:00:00,82709.8,83184.64,82564.53,83026.37,86922853.06
2026-01-30 12:00:00,83026.37,83191.0,82521.15,82664.84,101216521.05
2026-01-30 13:00:00,82664.84,82950.16,82307.29,82624.14,135788089.44
2026-01-30 14:00:00,82624.14,83682.62,82617.98,82982.35,237155227.91
2026-01-30 15:00:00,82982.35,83499.91,82275.65,82772.43,292003969.53
2026-01-30 16:00:00,82772.43,83387.31,82448.25,83033.51,255277735.01
2026-01-30 17:00:00,83033.51,83350.94,82519.65,82817.45,261987308.49
2026-01-30 18:00:00,82817.45,84046.07,81758.51,83814.54,397806777.6
2026-01-30 19:00:00,83814.54,84522.58,83800.62,84134.24,279354307.77
2026-01-30 20:00:00,84134.24,84162.93,83416.7,83773.83,350624318.4
2026-01-30 21:00:00,83773.83,84377.1,83656.47,84167.7,151373454.84
2026-01-30 22:00:00,84167.7,84191.85,83781.26,84089.02,59581067.86
2026-01-30 23:00:00,84089.02,84175.33,83812.27,84135.11,51389908.83
2026-01-31 00:00:00,84135.11,84152.35,83887.63,83944.46,64140979.88
2026-01-31 01:00:00,83944.46,84135.55,83778.67,83882.56,57466132.14
2026-01-31 02:00:00,83882.56,84058.51,83689.9,84002.85,60760919.98
2026-01-31 03:00:00,84002.85,84100.04,83899.15,83899.89,26057358.82
2026-01-31 04:00:00,83899.89,84020.17,83803.15,83865.02,35468419.95
2026-01-31 05:00:00,83865.02,83972.05,83770.15,83868.86,35688881.01
2026-01-31 06:00:00,83868.86,83912.8,83512.24,83650.68,40775525.53
2026-01-31 07:00:00,83650.68,83672.27,83270.18,83414.74,60652617.55
2026-01-31 08:00:00,83414.74,83496.04,82451.42,82940.5,165640708.61
2026-01-31 09:00:00,82940.5,83166.68,82763.25,82985.13,76827582.94
2026-01-31 10:00:00,82985.13,83070.02,82792.28,83035.68,60720371.42
2026-01-31 11:00:00,83035.68,83036.25,82727.63,82893.25,38366527.79
2026-01-31 12:00:00,82893.25,83020.7,82592.77,82642.15,73963886.97
2026-01-31 13:00:00,82642.15,82804.44,82362.86,82650.52,77988602.77
2026-01-31 14:00:00,82650.52,82809.58,80729.56,81382.19,372020064.42
2026-01-31 15:00:00,81382.19,81671.59,80984.03,81193.28,160936058.9
2026-01-31 16:00:00,81193.28,82068.93,79996.61,80253.37,478785453.59
2026-01-31 17:00:00,80253.37,80433.3,78270.4,78783.78,594245166.91
2026-01-31 18:00:00,78783.78,79031.39,76029.54,77948.49,543692541.17
2026-01-31 19:00:00,77948.49,78467.77,77109.37,77665.51,304590072.45
2026-01-31 20:00:00,77665.51,78031.89,76999.62,77913.13,266807823.65
2026-01-31 21:00:00,77913.13,78281.09,77290.28,78214.0,255401265.71
2026-01-31 22:00:00,78214.0,78406.85,77902.81,78083.66,128488512.91
2026-01-31 23:00:00,78083.66,79153.09,77993.42,78664.02,203071538.39
2026-02-01 00:00:00,78664.02,79363.96,78572.3,78834.54,184001965.9
2026-02-01 01:00:00,78834.54,78879.56,78231.43,78454.25,149448559.63
2026-02-01 02:00:00,78454.25,78990.35,78308.89,78831.64,117956847.11
2026-02-01 03:00:00,78831.64,78939.47,78610.62,78800.3,67816620.45
2026-02-01 04:00:00,78800.3,79051.35,78657.29,78903.59,70203885.94
2026-02-01 05:00:00,78903.59,78936.24,78459.23,78542.45,73634061.06
2026-02-01 06:00:00,78542.45,78751.84,78197.96,78228.36,99837007.5
2026-02-01 07:00:00,78228.36,78650.46,77897.26,78285.19,111962055.3
2026-02-01 08:00:00,78285.19,78799.27,78197.0,78537.16,85950790.2
2026-02-01 09:00:00,78537.16,79072.87,78486.37,78971.87,70088914.1
2026-02-01 10:00:00,78971.87,79162.0,78079.47,78217.37,124200985.59
2026-02-01 11:00:00,78217.37,78824.04,78217.35,78694.99,77765384.02
2026-02-01 12:00:00,78694.99,78707.03,78192.81,78407.55,85630043.35
2026-02-01 13:00:00,78407.55,78708.33,78148.99,78263.4,83242812.03
2026-02-01 14:00:00,78263.4,78453.38,77177.54,78153.22,249254292.27
2026-02-01 15:00:00,78153.22,78192.8,76732.3,77538.72,320720735.81
2026-02-01 16:00:00,77538.72,77774.57,77036.35,77436.65,230049238.07
2026-02-01 17:00:00,77436.65,77694.02,77246.4,77694.02,142098669.15
2026-02-01 18:00:00,77694.02,78392.62,77667.6,77974.49,174405791.94
2026-02-01 19:00:00,77974.49,78047.22,76937.52,77114.18,119892757.94
2026-02-01 20:00:00,77114.18,77676.82,76543.95,77045.34,199337354.23
2026-02-01 21:00:00,77045.34,77110.32,76304.8,76465.16,238639138.05
2026-02-01 22:00:00,76465.16,77721.28,76391.0,77191.25,207750945.57
2026-02-01 23:00:00,77191.25,77554.71,75653.86,76910.99,384504915.87
2026-02-02 00:00:00,76910.99,78095.46,76559.8,77614.27,280271460.01
2026-02-02 01:00:00,77614.27,77887.01,76573.65,77462.93,245629334.36
2026-02-02 02:00:00,77462.93,77495.93,76380.18,76428.33,210468096.78
2026-02-02 03:00:00,76428.33,76499.09,74579.63,76236.97,621613554.64
2026-02-02 04:00:00,76236.97,76550.35,75277.67,75829.11,174261775.9
2026-02-02 05:00:00,75829.11,75931.43,74851.34,75442.37,256157723.19
2026-02-02 06:00:00,75442.37,76744.48,74893.87,76478.04,200701896.43
2026-02-02 07:00:00,76478.04,76884.34,76265.2,76575.82,108841707.22
2026-02-02 08:00:00,76575.82,77109.74,76552.94,76815.03,84946283.37
2026-02-02 09:00:00,76815.03,77760.1,76594.44,77654.67,126674284.83
2026-02-02 10:00:00,77654.67,77809.08,77409.25,77441.37,84948985.2
2026-02-02 11:00:00,77441.37,77903.0,77388.38,77697.71,92757365.18
2026-02-02 12:00:00,77697.71,78350.55,77656.78,77946.48,117536468.91
2026-02-02 13:00:00,77946.48,78402.77,77754.14,78185.26,148275096.49
2026-02-02 14:00:00,78185.26,78836.94,77578.72,77800.43,350895519.51
2026-02-02 15:00:00,77800.43,79328.7,77534.68,78837.5,475701459.06
2026-02-02 16:00:00,78837.5,79273.26,78545.15,78594.77,339400675.7
2026-02-02 17:00:00,78594.77,79193.54,78560.69,78960.03,235205066.29
2026-02-02 18:00:00,78960.03,78960.18,78320.69,78532.0,214690413.0
2026-02-02 19:00:00,78532.0,78650.81,78235.85,78294.55,161883902.34
2026-02-02 20:00:00,78294.55,78620.75,77851.89,77954.4,177784908.28
2026-02-02 21:00:00,77954.4,78509.47,77861.09,78481.52,97777504.32
2026-02-02 22:00:00,78481.52,78808.19,78478.69,78754.73,55539781.42
2026-02-02 23:00:00,78754.73,78923.03,78520.28,78690.46,69902971.6
2026-02-03 00:00:00,78690.46,79053.68,78366.9,79024.0,89770153.68
2026-02-03 01:00:00,79024.0,79141.27,78666.22,78966.55,92589012.87
2026-02-03 02:00:00,78966.55,78966.85,77740.66,77751.66,151007033.15
2026-02-03 03:00:00,77751.66,78848.57,77598.22,78699.49,168179413.55
2026-02-03 04:00:00,78699.49,78937.62,78431.33,78747.56,69927967.45
2026-02-03 05:00:00,78747.56,78753.03,78165.98,78182.91,57013725.57
2026-02-03 06:00:00,78182.91,78608.71,77892.43,78540.08,86572829.17
2026-02-03 07:00:00,78540.08,78871.4,78433.59,78721.5,63242545.24
2026-02-03 08:00:00,78721.5,79021.44,78408.71,78686.98,78560840.96
2026-02-03 09:00:00,78686.98,78780.84,77878.92,78340.39,123726076.11
2026-02-03 10:00:00,78340.39,78496.67,78005.98,78064.85,68581763.28
2026-02-03 11:00:00,78064.85,78279.49,77939.71,78015.1,57888277.06
2026-02-03 12:00:00,78015.1,78345.49,77923.26,78258.47,75278000.6
2026-02-03 13:00:00,78258.47,78382.75,78118.97,78233.22,75698458.41
2026-02-03 14:00:00,78233.22,78368.53,77114.29,77142.59,256894884.35
2026-02-03 15:00:00,77142.59,78133.03,76991.91,78075.21,378294701.82
2026-02-03 16:00:00,78075.21,78080.21,76415.27,76423.78,355128052.7
2026-02-03 17:00:00,76423.78,76467.01,74794.34,74822.52,494695834.22
2026-02-03 18:00:00,74822.52,75216.5,73070.52,73075.33,639845412.3
2026-02-03 19:00:00,73075.33,75189.5,72882.55,74864.75,503611511.22
2026-02-03 20:00:00,74864.75,76649.51,74509.36,76399.88,456977314.81
2026-02-03 21:00:00,76399.88,76890.12,76058.51,76161.32,183524178.81
2026-02-03 22:00:00,76161.32,76218.87,75329.27,75629.54,135448108.6
2026-02-03 23:00:00,75629.54,75917.38,75346.92,75679.06,136275043.84
2026-02-04 00:00:00,75679.06,76174.98,75380.26,75823.87,121690422.05
2026-02-04 01:00:00,75823.87,76686.39,75823.87,76334.63,121955014.07
2026-02-04 02:00:00,76334.63,76516.4,75631.45,75877.74,138575975.57
2026-02-04 03:00:00,75877.74,76891.77,75824.54,76627.78,128725808.36
2026-02-04 04:00:00,76627.78,76745.04,76340.86,76403.63,50242562.6
2026-02-04 05:00:00,76403.63,76448.54,76033.57,76207.16,64154308.61
2026-02-04 06:00:00,76207.16,76703.2,76185.2,76569.3,61629300.34
2026-02-04 07:00:00,76569.3,76580.97,76254.15,76427.07,94096547.68
2026-02-04 08:00:00,76427.07,76510.12,75987.56,76495.28,108364366.77
2026-02-04 09:00:00,76495.28,76515.59,75871.31,76014.42,92137392.0
2026-02-04 10:00:00,76014.42,76236.72,75964.65,76202.08,50232523.33
2026-02-04 11:00:00,76202.08,76202.16,75573.86,75926.61,90479180.58
2026-02-04 12:00:00,75926.61,76173.75,75907.43,76079.68,95052959.02
2026-02-04 13:00:00,76079.68,76089.92,75126.18,75184.56,95612077.45
